OBJECTID,Address,City,State,Zip Code,Location,Hours of Operation,Contact,Services Offered,More Information,Website,County,Latitude,Longitude
40,7450 Hitt Road,Mobile,AL,36695,Mobile County Recycling Center,"Monday - Saturday
7:00 AM to 5:30 PM

Sunday
10:00 AM to 5:30 PM",(251) 459-8426,"Glass
Paper
Paperboard
Cardboard
Plastics #1-7
Aluminum
Steel
Plastic bags
Clothing
Flat Screen TVs/Monitors
Electronics (computers, printers, etc.)
Small Appliances
Cooking Oil/Grease Containers","For a full list of accepted items, check here:

https://www.mobilerecycles.com/accepted-items/",https://www.mobilerecycles.com/,Mobile,30.66959043417530,-88.21702615
